{
  "0": {
    "precision": 0.9071925754060325,
    "recall": 0.7555555555555555,
    "f1-score": 0.8244596731681603,
    "support": 1035.0
  },
  "1": {
    "precision": 0.5374771480804388,
    "recall": 0.786096256684492,
    "f1-score": 0.6384364820846905,
    "support": 374.0
  },
  "accuracy": 0.7636621717530163,
  "macro avg": {
    "precision": 0.7223348617432357,
    "recall": 0.7708259061200238,
    "f1-score": 0.7314480776264254,
    "support": 1409.0
  },
  "weighted avg": {
    "precision": 0.8090566138589977,
    "recall": 0.7636621717530163,
    "f1-score": 0.7750823321708447,
    "support": 1409.0
  }
}