{
  "threshold": 0.44,
  "accuracy": 0.7366926898509581,
  "precision_churn": 0.5024630541871922,
  "recall_churn": 0.8181818181818182,
  "f1_churn": 0.6225839267548321
}